{
        "14": [
                [
                        0.029865432721802424,
                        -0.07085392985479586,
                        1.2846309047349684,
                        1.0,
                        664,
                        317
                ],
                [
                        0.05330556526878043,
                        -0.044153521973107616,
                        1.2762703781288518,
                        1.0,
                        681,
                        335
                ],
                [
                        0.02554097509821772,
                        -0.023302463213226564,
                        1.265018228056413,
                        1.0,
                        661,
                        351
                ],
                [
                        0.0021008425512397174,
                        -0.050002871094914796,
                        1.2733787546625297,
                        1.0,
                        644,
                        333
                ]
        ],
        "16": [
                [
                        -0.07777013251655657,
                        -0.0750557376148685,
                        1.3124158446430714,
                        1.0,
                        588,
                        315
                ],
                [
                        -0.05439435641944284,
                        -0.048230919899942354,
                        1.304276296349794,
                        1.0,
                        604,
                        333
                ],
                [
                        -0.08234923684997733,
                        -0.026712518994093704,
                        1.2949097023813498,
                        1.0,
                        584,
                        349
                ],
                [
                        -0.10572501294709105,
                        -0.05353733670901985,
                        1.3030492506746272,
                        1.0,
                        568,
                        331
                ]
        ],
        "9": [
                [
                        0.13697155033610647,
                        -0.16385178053009547,
                        1.2713785999578935,
                        1.0,
                        742,
                        250
                ],
                [
                        0.1624129083697684,
                        -0.1380093229883365,
                        1.275520421973071,
                        1.0,
                        760,
                        268
                ],
                [
                        0.13939366452858426,
                        -0.11866349224082462,
                        1.2962110779720657,
                        1.0,
                        740,
                        283
                ],
                [
                        0.11395230649492231,
                        -0.14450594978258358,
                        1.2920692559568883,
                        1.0,
                        723,
                        266
                ]
        ],
        "11": [
                [
                        0.03417856005701858,
                        -0.16999488330858736,
                        1.3020832775654618,
                        1.0,
                        667,
                        248
                ],
                [
                        0.05868618109053775,
                        -0.14388274158437447,
                        1.3091389537096756,
                        1.0,
                        684,
                        266
                ],
                [
                        0.0332246369908224,
                        -0.12482513891562619,
                        1.3270489384270996,
                        1.0,
                        665,
                        281
                ],
                [
                        0.008717015957303237,
                        -0.15093728063983908,
                        1.3199932622828858,
                        1.0,
                        648,
                        264
                ]
        ],
        "13": [
                [
                        -0.06890497262975384,
                        -0.1732733120247552,
                        1.3103421032534808,
                        1.0,
                        594,
                        246
                ],
                [
                        -0.04551480818852721,
                        -0.1471322722233251,
                        1.300252690708024,
                        1.0,
                        610,
                        262
                ],
                [
                        -0.07342380074414992,
                        -0.1265693732191701,
                        1.2888287982420072,
                        1.0,
                        590,
                        278
                ],
                [
                        -0.09681396518537655,
                        -0.15271041302060023,
                        1.298918210787464,
                        1.0,
                        574,
                        261
                ]
        ],
        "15": [
                [
                        -0.18173282318545253,
                        -0.1845336452825548,
                        1.3723113590019915,
                        1.0,
                        520,
                        244
                ],
                [
                        -0.15748928990375738,
                        -0.15751784449663173,
                        1.3684841404408616,
                        1.0,
                        536,
                        261
                ],
                [
                        -0.18457793003422462,
                        -0.13430116609159473,
                        1.3607743142612954,
                        1.0,
                        517,
                        277
                ],
                [
                        -0.20882146331591978,
                        -0.16131696687751781,
                        1.3646015328224252,
                        1.0,
                        501,
                        259
                ]
        ],
        "4": [
                [
                        0.24506320852786448,
                        -0.25847443396411973,
                        1.2874375519201593,
                        1.0,
                        819,
                        184
                ],
                [
                        0.2721986525044104,
                        -0.23412802506155328,
                        1.2892180163946072,
                        1.0,
                        837,
                        201
                ],
                [
                        0.2538488976613092,
                        -0.21554072854436385,
                        1.3147140730579456,
                        1.0,
                        818,
                        216
                ],
                [
                        0.22671345368476328,
                        -0.2398871374469303,
                        1.3129336085834977,
                        1.0,
                        800,
                        200
                ]
        ],