{
        "12": [
                [
                        0.07467324259596754,
                        0.07432938694242128,
                        0.905377995459911,
                        1.0,
                        719,
                        437
                ],
                [
                        0.09009893189762812,
                        0.04856492197600934,
                        0.9261262593526605,
                        1.0,
                        731,
                        414
                ],
                [
                        0.12175177826320262,
                        0.053408634617253065,
                        0.9086081040614664,
                        1.0,
                        765,
                        428
                ],
                [
                        0.10632608896154204,
                        0.079173099583665,
                        0.887859840168717,
                        1.0,
                        754,
                        452
                ]
        ],
        "15": [
                [
                        0.1695966085280096,
                        0.05746554243584526,
                        0.9365316469220032,
                        1.0,
                        811,
                        418
                ],
                [
                        0.18477087138172185,
                        0.0314251731045803,
                        0.9571202581412613,
                        1.0,
                        820,
                        396
                ],
                [
                        0.21639598102714538,
                        0.03588313138747226,
                        0.9394502539572512,
                        1.0,
                        854,
                        409
                ],
                [
                        0.20122171817343312,
                        0.061923500718737215,
                        0.9188616427379931,
                        1.0,
                        846,
                        432
                ]
        ],
        "7": [
                [
                        -0.05879979471891711,
                        0.01897595563684406,
                        0.9321152940702401,
                        1.0,
                        584,
                        380
                ],
                [
                        -0.04367350848151931,
                        -0.0069106972797006744,
                        0.9529317939067318,
                        1.0,
                        599,
                        359
                ],
                [
                        -0.01185891439106551,
                        -0.002199518220036117,
                        0.9356724082071352,
                        1.0,
                        631,
                        372
                ],
                [
                        -0.02698520062846331,
                        0.023687134696508613,
                        0.9148559083706435,
                        1.0,
                        617,
                        394
                ]
        ],
        "10": [
                [
                        0.03893617007506492,
                        0.0013807593310958405,
                        0.9840910602863455,
                        1.0,
                        679,
                        363
                ],
                [
                        0.054091636939471846,
                        -0.025023014374748676,
                        1.004225671238942,
                        1.0,
                        691,
                        343
                ],
                [
                        0.08580595714691427,
                        -0.020069446462776783,
                        0.9868499969003359,
                        1.0,
                        722,
                        355
                ],
                [
                        0.07065049028250733,
                        0.006334327243067733,
                        0.9667153859477395,
                        1.0,
                        711,
                        376
                ]
        ],
        "13": [
                [
                        0.1357589647927277,
                        -0.015360458197537995,
                        1.0294259687616165,
                        1.0,
                        765,
                        348
                ],
                [
                        0.15078764484125684,
                        -0.04207259658502716,
                        1.0492464238211396,
                        1.0,
                        774,
                        329
                ],
                [
                        0.18239158435459207,
                        -0.03738734749689962,
                        1.031597360157034,
                        1.0,
                        805,
                        340
                ],
                [
                        0.16736290430606293,
                        -0.010675209109410453,
                        1.011776905097511,
                        1.0,
                        796,
                        360
                ]
        ],
        "16": [
                [
                        0.230329605183324,
                        -0.033522585449586806,
                        1.0511645997292984,
                        1.0,
                        847,
                        332
                ],
                [
                        0.24550889495365666,
                        -0.059826271002428905,
                        1.0714119523563823,
                        1.0,
                        854,
                        314
                ],
                [
                        0.27720654550021956,
                        -0.05494924738413258,
                        1.0539842849721752,
                        1.0,
                        885,
                        325
                ],
                [
                        0.2620272557298869,
                        -0.02864556183129048,
                        1.0337369323450913,
                        1.0,
                        878,
                        344
                ]
        ],
        "2": [
                [
                        -0.19369494300238616,
                        -0.03850895170783857,
                        0.968766690388844,
                        1.0,
                        457,
                        326
                ],
                [
                        -0.17191852019555415,
                        -0.06523942173257488,
                        0.9567867328766172,
                        1.0,
                        475,
                        306
                ],
                [
                        -0.14776511012864013,
                        -0.057299334379352425,
                        0.9829748560427146,
                        1.0,
                        505,
                        319
                ],
                [
                        -0.16954153293547214,
                        -0.03056886435461611,
                        0.9949548135549414,
                        1.0,
                        488,
                        338
                ]
        ],